{"learning_rate":2.9891836734693877e-05,"val_loss":0.21633007153868675,"train_loss":0.23053842782974243,"batch":286,"_step":15,"train_acc":93.22630494505495,"val_acc":93.68,"_timestamp":1.7441713605122836e+09,"_runtime":304.345109238,"_wandb":{"runtime":304}}