{"train_acc":16.40625,"learning_rate":1e-06,"_wandb":{"runtime":104},"_timestamp":1.7441704075162256e+09,"_runtime":38.342060514,"_step":0,"batch":0,"train_loss":2.2524516582489014}