{"epoch":13,"_step":64,"val_acc":76.96,"_wandb":{"runtime":2319},"batch":1266,"val_loss":1.069218099117279,"train_loss":0.9405228264477788,"_timestamp":1.7442757804648738e+09,"train_acc":80.192,"learning_rate":9.924559429727577e-05,"_runtime":2319.179373131}