{"_wandb":{"runtime":18},"learning_rate":1e-06,"_timestamp":1.7442542543299322e+09,"_runtime":7.773150376,"_step":0,"batch":0,"train_loss":2.428346872329712,"train_acc":10.15625}