{"learning_rate":4.969183673469388e-05,"val_acc":95.17,"train_acc":95.3361092032967,"_wandb":{"runtime":504},"_step":25,"train_loss":0.10734578222036362,"_timestamp":1.7441719165031843e+09,"val_loss":0.14685217328369618,"_runtime":503.81532894,"batch":482}