{"batch":90,"train_loss":2.255906581878662,"train_acc":14.075377747252746,"learning_rate":1.75765306122449e-06,"_timestamp":1.7442545572567647e+09,"_wandb":{"runtime":67},"_runtime":63.802805221,"_step":3}